method,target_rho,n,lag1_median,max_rh_ratio_R_ge_1000_median,max_rh_ratio_R_ge_1000_q95,max_rh_ratio_R_ge_1000_q99,max_rh_ratio_R_ge_1000_max,max_K_log3B_median,max_K_log3B_q95,max_K_log3B_q99,max_K_log3B_max
pearson,-0.95,199,-0.1249708831972549,0.0558295680320657,0.1453373103789812,0.1781888981562999,0.2086945784665703,0.0089384447632284,0.0455516723379123,0.0681350126301996,0.0934927835756215
pearson,-0.75,199,-0.0782155382385055,0.0590570927831451,0.1450520097020591,0.1769253937492521,0.2035087275965126,0.0113940340957329,0.0451480504705053,0.0673336084575078,0.0889872771295073
pearson,-0.5,199,-0.0366769540108795,0.0640014342904742,0.1525323089835403,0.1742245164120097,0.2061369438045155,0.0127279048435781,0.0508629315164874,0.0661030160178874,0.0912154626302357
pearson,-0.25,199,-0.0084580249751637,0.064407449536762,0.1540836728804804,0.1755743276723992,0.2159779355809176,0.016012907862031,0.0511001373620169,0.0661402337234203,0.1001404321242556
pearson,0.0,199,0.0013793542340517,0.0670928816513821,0.1502524756904517,0.1820257833317987,0.2165516598137298,0.0147445028376804,0.0485155165497064,0.0713148407913078,0.1011838491613602
pearson,0.25,199,-0.0064451289403746,0.0658242895595687,0.1502021331107244,0.1802087698175318,0.211683113897317,0.0150557798131307,0.0485191278115477,0.0704948926126533,0.0961976820993399
pearson,0.5,199,-0.0353405625591126,0.0614072936363786,0.1483798148274172,0.1791850430528256,0.2075639316174571,0.0127375925108056,0.0477549224362537,0.0696064482455237,0.0924741457940777
pearson,0.75,199,-0.0770263596067357,0.0601350964462497,0.1440790762933009,0.1787163042370024,0.2037322517816615,0.010686859492131,0.0446586376574901,0.0691523159876142,0.0890843344403237
pearson,0.95,199,-0.1229550037947541,0.0549728664328533,0.1428231105760485,0.1774373607186958,0.1983295510241875,0.0071563951040883,0.0442077284664456,0.0682504547832926,0.0844119213773524
spearman,-0.95,199,-0.1001676902584357,0.0585204265255156,0.1452872256088914,0.1771703950763405,0.2079528482570492,0.0100411909440111,0.0452289968235441,0.0680139693626469,0.0930015580833802
spearman,-0.75,199,-0.055062006150019,0.0612365057041654,0.1502469922250685,0.1744421737971612,0.2065159295226158,0.0125611792776225,0.0483804941783671,0.0653096511533626,0.0915846099154311
spearman,-0.5,199,-0.0252743140505645,0.0650049323305755,0.1475379992513235,0.1769527888534568,0.208787905111978,0.0134505256246746,0.0466426706933541,0.0678774660527113,0.09357929088386
spearman,-0.25,199,0.0037976200235506,0.0672779548646971,0.1539247978693182,0.1947451523291489,0.2041934148305971,0.0160246497753069,0.051342086013868,0.0816487949489359,0.0895864850619627
spearman,0.0,199,0.0015226864380143,0.0654522575011174,0.1492803242881675,0.1817729023106201,0.2061937887204603,0.0150660890334026,0.0477540856971587,0.0711735122654718,0.0912650200987342
spearman,0.25,199,-0.0015694835969389,0.0654449722619768,0.1539376351544724,0.1838060679163297,0.2112852988246614,0.0146256711379895,0.0513370431915864,0.0725185984785822,0.0960185895173627
spearman,0.5,199,-0.0307931917708047,0.0648457829018102,0.1473252664584841,0.18796471208993,0.2044856864846981,0.0131713850472948,0.0466117080623855,0.0765709580819159,0.0897457166356925
spearman,0.75,199,-0.056395302625924,0.0600406308592361,0.1485682085632454,0.18532288241873,0.1961582977793879,0.0111563716252006,0.0478756070536798,0.0744497052260201,0.0825694240854078
spearman,0.95,199,-0.1066490236686799,0.0577387716938854,0.1430147318259567,0.1820070075562781,0.2044556474999014,0.0075884129544992,0.0438221241292229,0.0716435263744209,0.0897516708434225
