N,C,R_C_X_N,V_C,V_C_over_N3,V_C_over_V_1,V_C_over_V_total
128,1,-1923,107245445,51.13861322402954,1.0,5783.920019415381
128,2,-880,22251681,10.61042833328247,0.207483693130277,1200.0690863984469
128,4,-150,586464,0.2796478271484375,0.005468428053051577,31.628950490777694
128,8,262,2198756,1.0484485626220703,0.020502092186759073,118.58246143889548
128,16,66,181245,0.08642435073852539,0.001690001845766037,9.774835508575126
128,32,395,4633099,2.2092337608337402,0.0432008930542458,249.87051019307518
128,64,115,316618,0.15097522735595703,0.002952274569796414,17.075719987056413
128,128,17,40740,0.019426345825195312,0.00037987627353310905,2.197173983389063
128,256,-69,71544,0.034114837646484375,0.0006671052556124878,3.858483442994283
128,512,-16,17977,0.008572101593017578,0.00016762483478902063,0.9695286376874124
128,1024,-17,18299,0.008725643157958984,0.00017062729330835448,0.9868946176248516
128,2048,-18,18542,0.008841514587402344,0.00017289312380586421,1.0
128,4096,-18,18542,0.008841514587402344,0.00017289312380586421,1.0
128,8192,-18,18542,0.008841514587402344,0.00017289312380586421,1.0
128,16384,-18,18542,0.008841514587402344,0.00017289312380586421,1.0
128,32768,-18,18542,0.008841514587402344,0.00017289312380586421,1.0
128,65536,-18,18542,0.008841514587402344,0.00017289312380586421,1.0
128,131072,-18,18542,0.008841514587402344,0.00017289312380586421,1.0
128,262144,-18,18542,0.008841514587402344,0.00017289312380586421,1.0
128,524288,-18,18542,0.008841514587402344,0.00017289312380586421,1.0
128,1048576,-18,18542,0.008841514587402344,0.00017289312380586421,1.0
128,2097152,-18,18542,0.008841514587402344,0.00017289312380586421,1.0
128,4194304,-18,18542,0.008841514587402344,0.00017289312380586421,1.0
128,8388608,-18,18542,0.008841514587402344,0.00017289312380586421,1.0
128,16777216,-18,18542,0.008841514587402344,0.00017289312380586421,1.0
256,1,-6594,2458151055,146.5172204375267,1.0,12553.692361511867
256,2,-3055,523796513,31.220705091953278,0.21308556768086817,2675.0106633437344
256,4,-591,18283133,1.089759647846222,0.007437758132402486,93.37132745351384
256,8,806,39435108,2.350515604019165,0.016042589376184614,201.39373171068019
256,16,179,2271441,0.13538843393325806,0.0009240445152383038,11.600170572644029
256,32,1324,102148399,6.088519036769867,0.04155497230010546,521.668338346671
256,64,494,12935150,0.770995020866394,0.0052621461051749726,66.05936336569447
256,128,521,10877624,0.6483569145202637,0.004425124313607327,55.55164929447273
256,256,11,1344714,0.08015120029449463,0.0005470428667370891,6.867407857576949
256,512,-159,1080117,0.0643799901008606,0.000439402207526258,5.516120136253837
256,1024,-20,217913,0.012988626956939697,8.864914935018101e-05,1.1128741490518919
256,2048,8,188402,0.011229634284973145,7.664378461070611e-05,0.9621624934247821
256,4096,4,195811,0.011671245098114014,7.965783860259963e-05,1.0
256,8192,4,195811,0.011671245098114014,7.965783860259963e-05,1.0
256,16384,4,195811,0.011671245098114014,7.965783860259963e-05,1.0
256,32768,4,195811,0.011671245098114014,7.965783860259963e-05,1.0
256,65536,4,195811,0.011671245098114014,7.965783860259963e-05,1.0
256,131072,4,195811,0.011671245098114014,7.965783860259963e-05,1.0
256,262144,4,195811,0.011671245098114014,7.965783860259963e-05,1.0
256,524288,4,195811,0.011671245098114014,7.965783860259963e-05,1.0
256,1048576,4,195811,0.011671245098114014,7.965783860259963e-05,1.0
256,2097152,4,195811,0.011671245098114014,7.965783860259963e-05,1.0
256,4194304,4,195811,0.011671245098114014,7.965783860259963e-05,1.0
256,8388608,4,195811,0.011671245098114014,7.965783860259963e-05,1.0
256,16777216,4,195811,0.011671245098114014,7.965783860259963e-05,1.0
512,1,-23078,59274843043,441.63199546188116,1.0,59346.593074026496
512,2,-10788,12890477134,96.04153881967068,0.21746961227124306,12906.080585427782
512,4,-2270,547647645,4.080292917788029,0.009239124338173577,548.3105524579216
512,8,2517,748806730,5.57904489338398,0.01263279144335802,749.7131331780122
512,16,413,24330603,0.18127711862325668,0.00041047098146425705,24.360054305655538
512,32,4310,2146866451,15.99540152400732,0.03621884666050637,2149.4651543716354
512,64,1634,302468172,2.253563493490219,0.005102808484546795,302.8342986670885
512,128,2068,447525531,3.334325037896633,0.007550007862110232,448.06724429835674
512,256,1419,149849927,1.116468958556652,0.002528052700051753,150.03131485966534
512,512,192,18176417,0.13542485982179642,0.0003066463961248148,18.19841888843612
512,1024,-619,30696118,0.22870390117168427,0.0005178608061050787,30.733274528905447
512,2048,-228,4288975,0.031955353915691376,7.235742483347666e-05,4.2941666474768
512,4096,110,1019759,0.007597796618938446,1.720390890381999e-05,1.0209933809976262
512,8192,40,1008337,0.007512696087360382,1.7011213328199246e-05,1.0095575550840967
512,16384,38,998791,0.007441572844982147,1.6850166929593432e-05,1.0
512,32768,38,998791,0.007441572844982147,1.6850166929593432e-05,1.0
512,65536,38,998791,0.007441572844982147,1.6850166929593432e-05,1.0
512,131072,38,998791,0.007441572844982147,1.6850166929593432e-05,1.0
512,262144,38,998791,0.007441572844982147,1.6850166929593432e-05,1.0
512,524288,38,998791,0.007441572844982147,1.6850166929593432e-05,1.0
512,1048576,38,998791,0.007441572844982147,1.6850166929593432e-05,1.0
512,2097152,38,998791,0.007441572844982147,1.6850166929593432e-05,1.0
512,4194304,38,998791,0.007441572844982147,1.6850166929593432e-05,1.0
512,8388608,38,998791,0.007441572844982147,1.6850166929593432e-05,1.0
512,16777216,38,998791,0.007441572844982147,1.6850166929593432e-05,1.0
1024,1,-82173,1484164156813,1382.235583675094,1.0,140281.34611085104
1024,2,-38710,328144567241,305.60844320897013,0.22109721875081315,31015.81546772936
1024,4,-8722,16149136843,15.04005570244044,0.010880964055672678,1526.396284713548
1024,8,8022,14937561128,13.911687888205051,0.010064628672933304,1411.879658344952
1024,16,771,190480871,0.17739913519471884,0.00012834218514549397,18.004014495017962
1024,32,14214,45993624780,42.83490104600787,0.030989580612675482,4347.260083756848
1024,64,5192,6139157407,5.717535882256925,0.004136440958244698,580.2655057306248
1024,128,7080,10971720513,10.218210996128619,0.007392524918914615,1037.033346783352
1024,256,5935,6969666882,6.4910081047564745,0.004696021562039485,658.7642260884803
1024,512,5683,4757061659,4.4303589118644595,0.0032052126020985527,449.6315383938485
1024,1024,390,570082913,0.5309310862794518,0.0003841104168855283,53.88352633590207
1024,2048,-2956,1536673658,1.4311388675123453,0.0010353798472668653,145.24447871064322
1024,4096,-428,46549442,0.04335254617035389,3.136407909213851e-05,4.399795234572389
1024,8192,397,16676994,0.015531660988926888,1.1236623606253313e-05,1.5762886852261802
1024,16384,359,10724060,0.009987559169530869,7.22565623942042e-06,1.0136247838001662
1024,32768,278,10559108,0.009833935648202896,7.114514894817268e-06,0.9980337263706661
1024,65536,288,10579911,0.009853309951722622,7.1285315383970936e-06,1.0
1024,131072,288,10579911,0.009853309951722622,7.1285315383970936e-06,1.0
1024,262144,288,10579911,0.009853309951722622,7.1285315383970936e-06,1.0
1024,524288,288,10579911,0.009853309951722622,7.1285315383970936e-06,1.0
1024,1048576,288,10579911,0.009853309951722622,7.1285315383970936e-06,1.0
1024,2097152,288,10579911,0.009853309951722622,7.1285315383970936e-06,1.0
1024,4194304,288,10579911,0.009853309951722622,7.1285315383970936e-06,1.0
1024,8388608,288,10579911,0.009853309951722622,7.1285315383970936e-06,1.0
1024,16777216,288,10579911,0.009853309951722622,7.1285315383970936e-06,1.0
2048,1,-296211,38231064196324,4450.6816422012635,1.0,523793.52078359085
2048,2,-140462,8565392235546,997.1428936750162,0.224042736335066,117352.13367093395
2048,4,-33384,470533090071,54.77726111083757,0.01230761162322661,6446.647224566912
2048,8,26030,313119112505,36.451862252433784,0.008190175164810272,4289.9606854102985
2048,16,505,666929345,0.07764079433400184,1.744469736900828e-05,9.137419453917092
2048,32,47507,1023868263468,119.1939534000121,0.026781055798243962,14027.743506864004
2048,64,16196,122765931504,14.291835425421596,0.0032111565315988302,1681.9829854733755
2048,128,22976,241338204175,28.09546470816713,0.0063126206201240195,3306.5097799858545
2048,256,20176,180434461099,21.005335857509635,0.004719577257186296,2472.0839881517722
2048,512,23076,217717907443,25.34570026246365,0.005694790663555059,2982.894451789026
2048,1024,16783,84910344920,9.88486513029784,0.002220977801820236,1163.3337823976217
2048,2048,-2747,32506061367,3.7842035953653976,0.0008502525904085487,445.3567978854621
2048,4096,-7949,20322626934,2.3658651548903435,0.0005315736655835509,278.43484185184724
2048,8192,-4646,5129797627,0.5971870416542515,0.00013417878196268575,70.28197661868894
2048,16384,645,384481743,0.04475956584792584,1.0056788924985476e-05,5.2676808787955665
2048,32768,934,136770332,0.01592216221615672,3.577465991991684e-06,1.8738535074288856
2048,65536,216,74045812,0.008620067033916712,1.9367970407457207e-06,1.014481741015441
2048,131072,264,73035063,0.00850240036379546,1.9103591421089053e-06,1.0006337410063437
2048,262144,263,72988807,0.008497015456669033,1.909149235950854e-06,1.0
2048,524288,263,72988807,0.008497015456669033,1.909149235950854e-06,1.0
2048,1048576,263,72988807,0.008497015456669033,1.909149235950854e-06,1.0
2048,2097152,263,72988807,0.008497015456669033,1.909149235950854e-06,1.0
2048,4194304,263,72988807,0.008497015456669033,1.909149235950854e-06,1.0
2048,8388608,263,72988807,0.008497015456669033,1.909149235950854e-06,1.0
2048,16777216,263,72988807,0.008497015456669033,1.909149235950854e-06,1.0
4096,1,-1078361,1006911594138831,14652.492160367998,1.0,1469036.1437727776
4096,2,-513936,228036481645273,3318.3675498770463,0.22647120459498032,332694.38507378567
4096,4,-127056,13630655977088,198.35215028561652,0.013537093083872695,19886.479021825482
4096,8,86580,6851642911630,99.70452682508039,0.006804612193873804,9996.221257157593
4096,16,-4620,10205727847,0.14851288647332694,1.0135674180739302e-05,14.889671713010571
4096,32,162415,23695045786993,344.80829762459325,0.02353239939327382,34569.94525841582
4096,64,51754,2506261615317,36.47090656620276,0.002489058254871422,3656.516540362113
4096,128,75937,5284352637535,76.8974516182061,0.0052480800383021544,7709.619261678289
4096,256,67189,4112893127009,59.85047212756763,0.004084661603809005,6000.515531076311
4096,512,81166,5834756922372,84.90688811248401,0.00579470626451791,8512.632945123349
4096,1024,71179,4142079706794,60.27519276240491,0.004113647842476723,6043.097363351212
4096,2048,43260,1079194183017,15.704342266210006,0.0010717864302078966,1574.4930043805996
4096,4096,3633,299747633842,4.361902157572331,0.00029769012054962137,437.31754673146906
4096,8192,-39326,1006723831978,14.64975986132049,0.0009998135266671632,1468.7622077069907
4096,16384,-15331,106699457658,1.5526814627519343,0.00010596705637226826,155.6694358600695
4096,32768,-2326,3528442421,0.0513455949985655,3.5042226562280554e-06,5.147829737826463
4096,65536,4622,9801796893,0.1426349174726056,9.734515870167393e-06,14.300355655405614
4096,131072,708,798197512,0.011615302530117333,7.927185630260466e-07,1.1645322209248812
4096,262144,206,659037013,0.009590250745532103,6.54513282830601e-07,0.9615036690575275
4096,524288,332,685810303,0.009979853391996585,6.811027969009976e-07,1.000564626272295
4096,1048576,329,685423295,0.009974221684387885,6.807184453826988e-07,1.0
4096,2097152,329,685423295,0.009974221684387885,6.807184453826988e-07,1.0
4096,4194304,329,685423295,0.009974221684387885,6.807184453826988e-07,1.0
4096,8388608,329,685423295,0.009974221684387885,6.807184453826988e-07,1.0
4096,16777216,329,685423295,0.009974221684387885,6.807184453826988e-07,1.0
