sector,N,i,block_i,j,block_j,inner_product,inner_product_over_N3,correlation
all,4096,0,c=1,0,c=1,1006914679915165,14652.537064323624,1.0
all,4096,0,c=1,1,1<c<=2,-527733939359740,-7679.539548695029,-0.9999989661574165
all,4096,0,c=1,2,2<c<=4,-362036804277355,-5268.328885392912,-0.9999972853388595
all,4096,0,c=1,3,4<c<=8,-200169112892571,-2912.8439621500875,-0.9999927589321552
all,4096,0,c=1,4,8<c<=16,85667006237395,1246.6190126345464,0.9999792445190097
all,4096,0,c=1,5,16<c<=32,-157073836733681,-2285.725156742861,-0.999970234758659
all,4096,0,c=1,6,32<c<=64,104238557181206,1516.8706476281804,0.9999515327615731
all,4096,0,c=1,7,64<c<=128,-22718898336815,-330.60348267921654,-0.9999771154111078
all,4096,0,c=1,8,128<c<=256,8580544776914,124.86336020685849,0.9969701945258059
all,4096,0,c=1,9,256<c<=512,-12303545287935,-179.04014803840255,-0.9906419651550775
all,4096,0,c=1,10,512<c<=1024,12277636961897,178.66313227418868,0.9262932638760117
all,4096,0,c=1,11,1024<c<=2048,34973565796524,508.93236470472766,0.9537421192089678
all,4096,0,c=1,12,2048<c<=4096,43106159952749,627.2771854528255,0.9664580695693507
all,4096,0,c=1,13,4096<c<=8192,17517139628377,254.90793091560772,0.7459017892876644
all,4096,0,c=1,14,8192<c<=16384,-21866093783500,-318.1935431130114,-0.9951113792797759
all,4096,0,c=1,15,16384<c<=32768,-9869239099132,-143.6163307390525,-0.9521848205043388
all,4096,0,c=1,16,32768<c<=65536,-2179407632117,-31.714555110622314,-0.5803944107239165
all,4096,0,c=1,17,65536<c<=131072,2579612638279,37.53830443425977,0.9061161247758338
all,4096,0,c=1,18,131072<c<=262144,7818342103,0.11377185150922742,0.038169987161628734
all,4096,0,c=1,19,262144<c<=524288,-28923011278,-0.4208852082665544,-0.58209544345935
all,4096,0,c=1,20,524288<c<=1048576,154125657,0.002242823495180346,0.14385540331935048
all,4096,1,1<c<=2,0,c=1,-527733939359740,-7679.539548695029,-0.9999989661574165
all,4096,1,1<c<=2,1,1<c<=2,276591147358442,4024.930929276772,1.0
all,4096,1,1<c<=2,2,2<c<=4,189747702496633,2761.1924815083767,0.9999995918639923
all,4096,1,1<c<=2,3,4<c<=8,104911183864385,1526.6586541021388,0.9999971837515638
all,4096,1,1<c<=2,4,8<c<=16,-44899335926461,-653.3713302118267,-0.9999873631990426
all,4096,1,1<c<=2,5,16<c<=32,82324862461613,1197.9844197283528,0.9999802739488528
all,4096,1,1<c<=2,6,32<c<=64,-54633225393741,-795.0180645819783,-0.9999645364946604
all,4096,1,1<c<=2,7,64<c<=128,11907266789597,173.27353692376346,0.9999817539799178
all,4096,1,1<c<=2,8,128<c<=256,-4497589913639,-65.44854715523252,-0.9970670524663867
all,4096,1,1<c<=2,9,256<c<=512,6447340593849,93.82115377009904,0.9904766937269616
all,4096,1,1<c<=2,10,512<c<=1024,-6438325047360,-93.68996030185372,-0.9267952844516368
all,4096,1,1<c<=2,11,1024<c<=2048,-18337435888839,-266.8448125599971,-0.9541284710304874
all,4096,1,1<c<=2,12,2048<c<=4096,-22587125043874,-328.68592889097636,-0.9662329310705854
all,4096,1,1<c<=2,13,4096<c<=8192,-9170675297830,-133.4508895209001,-0.7450698204963222
all,4096,1,1<c<=2,14,8192<c<=16384,11458795094533,166.74741483487014,0.9949852389617082
all,4096,1,1<c<=2,15,16384<c<=32768,5170278621502,75.23745620713453,0.9517628059195518
all,4096,1,1<c<=2,16,32768<c<=65536,1140456251954,16.595822700095596,0.5794828437610824
all,4096,1,1<c<=2,17,65536<c<=131072,-1351170519201,-19.662118854481378,-0.9055589395006417
all,4096,1,1<c<=2,18,131072<c<=262144,-4033538424,-0.05869570921640843,-0.03757255604592363
all,4096,1,1<c<=2,19,262144<c<=524288,15140994016,0.22033046139404178,0.5814097078322619
all,4096,1,1<c<=2,20,524288<c<=1048576,-80625270,-0.001173252094304189,-0.14358187435346412
all,4096,2,2<c<=4,0,c=1,-362036804277355,-5268.328885392912,-0.9999972853388595
all,4096,2,2<c<=4,1,1<c<=2,189747702496633,2761.1924815083767,0.9999995918639923
all,4096,2,2<c<=4,2,2<c<=4,130171266636105,1894.2412372577382,1.0
all,4096,2,2<c<=4,3,4<c<=8,71971566235235,1047.3241307079297,0.9999988843376927
all,4096,2,2<c<=4,4,8<c<=16,-30802084301225,-448.2293196084356,-0.9999914156042075
all,4096,2,2<c<=4,5,16<c<=32,56477010433164,821.8486681749928,0.9999854738573869
all,4096,2,2<c<=4,6,32<c<=64,-37479893681291,-545.404235618349,-0.999971632808499
all,4096,2,2<c<=4,7,64<c<=128,8168667693895,118.86975981025898,0.9999834054536082
all,4096,2,2<c<=4,8,128<c<=256,-3085634740537,-44.90189516999817,-0.9971272825572394
all,4096,2,2<c<=4,9,256<c<=512,4422553496681,64.35662357661931,0.9903719127071751
all,4096,2,2<c<=4,10,512<c<=1024,-4418332238781,-64.29519618950144,-0.927109132012235
all,4096,2,2<c<=4,11,1024<c<=2048,-12583058370037,-183.1075987143704,-0.954368355089188
all,4096,2,2<c<=4,12,2048<c<=4096,-15492957354157,-225.45220205439546,-0.9660881983104873
all,4096,2,2<c<=4,13,4096<c<=8192,-6286950862491,-91.4871759958769,-0.7445558737541499
all,4096,2,2<c<=4,14,8192<c<=16384,7860355425220,114.38322581263492,0.994904605112503
all,4096,2,2<c<=4,15,16384<c<=32768,3545940428788,51.60022452456178,0.9514978017573443
all,4096,2,2<c<=4,16,32768<c<=65536,781620385926,11.374073596758535,0.5789211323142648
all,4096,2,2<c<=4,17,65536<c<=131072,-926578132273,-13.483486433295184,-0.9052117449973978
all,4096,2,2<c<=4,18,131072<c<=262144,-2741151259,-0.03988900074909907,-0.0372202354400593
all,4096,2,2<c<=4,19,262144<c<=524288,10379603831,0.15104311505274381,0.5809921189775303
all,4096,2,2<c<=4,20,524288<c<=1048576,-55262917,-0.0008041812834562734,-0.14345768356822852
all,4096,3,4<c<=8,0,c=1,-200169112892571,-2912.8439621500875,-0.9999927589321552
all,4096,3,4<c<=8,1,1<c<=2,104911183864385,1526.6586541021388,0.9999971837515638
all,4096,3,4<c<=8,2,2<c<=4,71971566235235,1047.3241307079297,0.9999988843376927
all,4096,3,4<c<=8,3,4<c<=8,39793097495972,579.0657814355218,1.0
all,4096,3,4<c<=8,4,8<c<=16,-17030543406509,-247.827023944541,-0.9999962344919309
all,4096,3,4<c<=8,5,16<c<=32,31226331345668,454.40292663505534,0.9999922814759381
all,4096,3,4<c<=8,6,32<c<=64,-20722823113333,-301.55676523766306,-0.9999814464243958
all,4096,3,4<c<=8,7,64<c<=128,4516459975890,65.72314270146308,0.999984854414508
all,4096,3,4<c<=8,8,128<c<=256,-1706209677735,-24.828618592218845,-0.9972227486855167
all,4096,3,4<c<=8,9,256<c<=512,2444800611199,35.576531244427315,0.9901987140956062
all,4096,3,4<c<=8,10,512<c<=1024,-2444241885643,-35.56840071750048,-0.9276205552203461
all,4096,3,4<c<=8,11,1024<c<=2048,-6960023593175,-101.28167331531586,-0.954760017107322
all,4096,3,4<c<=8,12,2048<c<=4096,-8563946464314,-124.62182296896935,-0.965850897090754
all,4096,3,4<c<=8,13,4096<c<=8192,-3472093864903,-50.525615587001084,-0.7437078711334116
all,4096,3,4<c<=8,14,8192<c<=16384,4345407232124,63.23399767460069,0.9947717240844378
all,4096,3,4<c<=8,15,16384<c<=32768,1959652609034,28.516698643710697,0.9510626719785259
all,4096,3,4<c<=8,16,32768<c<=65536,431466406237,6.278662567448919,0.57799516397455
all,4096,3,4<c<=8,17,65536<c<=131072,-511980863812,-7.450302128738258,-0.9046395171166729
all,4096,3,4<c<=8,18,131072<c<=262144,-1491537369,-0.02170472535362933,-0.036629749284842375
all,4096,3,4<c<=8,19,262144<c<=524288,5732113369,0.08341322782507632,0.5803071576702497
all,4096,3,4<c<=8,20,524288<c<=1048576,-30494877,-0.00044375886500347406,-0.14317611942527111
all,4096,4,8<c<=16,0,c=1,85667006237395,1246.6190126345464,0.9999792445190097
all,4096,4,8<c<=16,1,1<c<=2,-44899335926461,-653.3713302118267,-0.9999873631990426
all,4096,4,8<c<=16,2,2<c<=4,-30802084301225,-448.2293196084356,-0.9999914156042075
all,4096,4,8<c<=16,3,4<c<=8,-17030543406509,-247.827023944541,-0.9999962344919309
all,4096,4,8<c<=16,4,8<c<=16,7288741296255,106.06514546459948,1.0
all,4096,4,8<c<=16,5,16<c<=32,-13364299496168,-194.47615335474256,-0.999998823124916
all,4096,4,8<c<=16,6,32<c<=64,8869042618569,129.06155634218885,0.9999939422812968
all,4096,4,8<c<=16,7,64<c<=128,-1932939681943,-28.12797439318092,-0.9999796530965817
all,4096,4,8<c<=16,8,128<c<=256,730347599881,10.627956360709504,0.9973945425949591
all,4096,4,8<c<=16,9,256<c<=512,-1045988056322,-15.221129525481956,-0.9898815806743105
all,4096,4,8<c<=16,10,512<c<=1024,1047108355363,15.237432022157009,0.928528870428695
all,4096,4,8<c<=16,11,1024<c<=2048,2980899353148,43.37779469130328,0.9554510227596856
all,4096,4,8<c<=16,12,2048<c<=4096,3663681645983,53.31358473606815,0.9654537586749118
all,4096,4,8<c<=16,13,4096<c<=8192,1482857670345,21.578419114594,0.742143680265154
all,4096,4,8<c<=16,14,8192<c<=16384,-1859290765434,-27.056241603480885,-0.9945299508327836
all,4096,4,8<c<=16,15,16384<c<=32768,-838002163631,-12.19453644634632,-0.950282631033101
all,4096,4,8<c<=16,16,32768<c<=65536,-184108278309,-2.6791280587931396,-0.5762728234649136
all,4096,4,8<c<=16,17,65536<c<=131072,218869507488,3.18497051903978,0.9036176223572324
all,4096,4,8<c<=16,18,131072<c<=262144,615895674,0.008962461637565866,0.0353414664602771
all,4096,4,8<c<=16,19,262144<c<=524288,-2447303761,-0.03561295686813537,-0.5789067837725489
all,4096,4,8<c<=16,20,524288<c<=1048576,12990278,0.0001890334242489189,0.14250816625358548
all,4096,5,16<c<=32,0,c=1,-157073836733681,-2285.725156742861,-0.999970234758659
all,4096,5,16<c<=32,1,1<c<=2,82324862461613,1197.9844197283528,0.9999802739488528
all,4096,5,16<c<=32,2,2<c<=4,56477010433164,821.8486681749928,0.9999854738573869
all,4096,5,16<c<=32,3,4<c<=8,31226331345668,454.40292663505534,0.9999922814759381
all,4096,5,16<c<=32,4,8<c<=16,-13364299496168,-194.47615335474256,-0.999998823124916
all,4096,5,16<c<=32,5,16<c<=32,24504220160230,356.58333450890495,1.0
all,4096,5,16<c<=32,6,32<c<=64,-16261941968563,-236.64240097514994,-0.9999973734239824
all,4096,5,16<c<=32,7,64<c<=128,3544145511779,51.57410504440486,0.9999775059388214
all,4096,5,16<c<=32,8,128<c<=256,-1339231062683,-19.48837689535867,-0.9974674219045109
all,4096,5,16<c<=32,9,256<c<=512,1917584584869,27.90452832223673,0.989730314400282
all,4096,5,16<c<=32,10,512<c<=1024,-1920853664021,-27.952099684931454,-0.9289747118942517
all,4096,5,16<c<=32,11,1024<c<=2048,-5467650876609,-79.56479205471987,-0.9558015222464173
all,4096,5,16<c<=32,12,2048<c<=4096,-6715957474395,-97.73004384471278,-0.9652226652221012
all,4096,5,16<c<=32,13,4096<c<=8192,-2716195911331,-39.52585264532536,-0.7414048825049413
all,4096,5,16<c<=32,14,8192<c<=16384,3408694803579,49.603037821056205,0.9944077445414613
all,4096,5,16<c<=32,15,16384<c<=32768,1535885896670,22.35008136878605,0.9498880607665766
all,4096,5,16<c<=32,16,32768<c<=65536,337103946136,4.905508047319017,0.5754723792974406
all,4096,5,16<c<=32,17,65536<c<=131072,-401077718641,-5.8364489616506035,-0.9030957371629159
all,4096,5,16<c<=32,18,131072<c<=262144,-1116815758,-0.01625180823612027,-0.034951415636867066
all,4096,5,16<c<=32,19,262144<c<=524288,4483164778,0.0652386338042561,0.5783773642005374
all,4096,5,16<c<=32,20,524288<c<=1048576,-23808837,-0.00034646417771000415,-0.14245093797211184
all,4096,6,32<c<=64,0,c=1,104238557181206,1516.8706476281804,0.9999515327615731
all,4096,6,32<c<=64,1,1<c<=2,-54633225393741,-795.0180645819783,-0.9999645364946604
all,4096,6,32<c<=64,2,2<c<=4,-37479893681291,-545.404235618349,-0.999971632808499
all,4096,6,32<c<=64,3,4<c<=8,-20722823113333,-301.55676523766306,-0.9999814464243958
all,4096,6,32<c<=64,4,8<c<=16,8869042618569,129.06155634218885,0.9999939422812968
all,4096,6,32<c<=64,5,16<c<=32,-16261941968563,-236.64240097514994,-0.9999973734239824
all,4096,6,32<c<=64,6,32<c<=64,10792106178658,157.04581424736534,1.0
all,4096,6,32<c<=64,7,64<c<=128,-2352004919537,-34.22617620580422,-0.9999637358155744
all,4096,6,32<c<=64,8,128<c<=256,888894968075,12.935124222349259,0.997610455314328
all,4096,6,32<c<=64,9,256<c<=512,-1272220974993,-18.51325177984836,-0.9894463077937902
all,4096,6,32<c<=64,10,512<c<=1024,1275772935124,18.56493960256921,0.9297160627329367
all,4096,6,32<c<=64,11,1024<c<=2048,3630528669233,52.831145428834134,0.9563220085159615
all,4096,6,32<c<=64,12,2048<c<=4096,4455378028490,64.83428338091471,0.9648759262158966
all,4096,6,32<c<=64,13,4096<c<=8192,1799652645071,26.18839273157937,0.7402022106200854
all,4096,6,32<c<=64,14,8192<c<=16384,-2261667884007,-32.9115993227897,-0.9941972295441122
all,4096,6,32<c<=64,15,16384<c<=32768,-1018605779240,-14.82266495062504,-0.9492638679905199
all,4096,6,32<c<=64,16,32768<c<=65536,-223208097891,-3.248105318794842,-0.574166608830317
all,4096,6,32<c<=64,17,65536<c<=131072,265936477831,3.8698850815271726,0.9022990641902883
all,4096,6,32<c<=64,18,131072<c<=262144,721085807,0.0104931795358425,0.03400458846117995
all,4096,6,32<c<=64,19,262144<c<=524288,-2969699065,-0.0432148090476403,-0.5773063926029309
all,4096,6,32<c<=64,20,524288<c<=1048576,15758034,0.00022930957493372262,0.14206807725300105
all,4096,7,64<c<=128,0,c=1,-22718898336815,-330.60348267921654,-0.9999771154111078
all,4096,7,64<c<=128,1,1<c<=2,11907266789597,173.27353692376346,0.9999817539799178
all,4096,7,64<c<=128,2,2<c<=4,8168667693895,118.86975981025898,0.9999834054536082
all,4096,7,64<c<=128,3,4<c<=8,4516459975890,65.72314270146308,0.999984854414508
all,4096,7,64<c<=128,4,8<c<=16,-1932939681943,-28.12797439318092,-0.9999796530965817
all,4096,7,64<c<=128,5,16<c<=32,3544145511779,51.57410504440486,0.9999775059388214
all,4096,7,64<c<=128,6,32<c<=64,-2352004919537,-34.22617620580422,-0.9999637358155744
all,4096,7,64<c<=128,7,64<c<=128,512627312354,7.459709193120943,1.0
all,4096,7,64<c<=128,8,128<c<=256,-193620353712,-2.817546973703429,-0.9970427677728461
all,4096,7,64<c<=128,9,256<c<=512,277557939869,4.038999611933832,0.9904568734629193
all,4096,7,64<c<=128,10,512<c<=1024,-277365204880,-4.036194948712364,-0.9274300474334631
all,4096,7,64<c<=128,11,1024<c<=2048,-790303368605,-11.50042762463272,-0.9551692819831361
all,4096,7,64<c<=128,12,2048<c<=4096,-972163314746,-14.146838144311914,-0.9660027766981967
all,4096,7,64<c<=128,13,4096<c<=8192,-393658544925,-5.728485774670844,-0.7429055549040773
all,4096,7,64<c<=128,14,8192<c<=16384,493241768744,7.177612405852415,0.9948458625423972
all,4096,7,64<c<=128,15,16384<c<=32768,222370876305,3.235922141248011,0.9508476911522334
all,4096,7,64<c<=128,16,32768<c<=65536,48877511820,0.7112614085781388,0.5768850828343193
all,4096,7,64<c<=128,17,65536<c<=131072,-58075401073,-0.8451083132677013,-0.9041012013164597
all,4096,7,64<c<=128,18,131072<c<=262144,-166510349,-0.002423044483293779,-0.03602832243984494
all,4096,7,64<c<=128,19,262144<c<=524288,649938129,0.00945784455689136,0.5797198541266486
all,4096,7,64<c<=128,20,524288<c<=1048576,-3462762,-5.0389819080010056e-05,-0.14324166043531056
all,4096,8,128<c<=256,0,c=1,8580544776914,124.86336020685849,0.9969701945258059
all,4096,8,128<c<=256,1,1<c<=2,-4497589913639,-65.44854715523252,-0.9970670524663867
all,4096,8,128<c<=256,2,2<c<=4,-3085634740537,-44.90189516999817,-0.9971272825572394
all,4096,8,128<c<=256,3,4<c<=8,-1706209677735,-24.828618592218845,-0.9972227486855167
all,4096,8,128<c<=256,4,8<c<=16,730347599881,10.627956360709504,0.9973945425949591
all,4096,8,128<c<=256,5,16<c<=32,-1339231062683,-19.48837689535867,-0.9974674219045109
all,4096,8,128<c<=256,6,32<c<=64,888894968075,12.935124222349259,0.997610455314328
all,4096,8,128<c<=256,7,64<c<=128,-193620353712,-2.817546973703429,-0.9970427677728461
all,4096,8,128<c<=256,8,128<c<=256,73565247734,1.0705152487789746,1.0
all,4096,8,128<c<=256,9,256<c<=512,-103763544723,-1.5099583066039486,-0.9774425349468122
all,4096,8,128<c<=256,10,512<c<=1024,107565882379,1.5652896018436877,0.9494415808937704
all,4096,8,128<c<=256,11,1024<c<=2048,302826138006,4.406700289197033,0.9661496298308041
all,4096,8,128<c<=256,12,2048<c<=4096,362393509157,5.2735196245630505,0.9505699396761083
all,4096,8,128<c<=256,13,4096<c<=8192,142756799243,2.077384840857121,0.7111729746880094
all,4096,8,128<c<=256,14,8192<c<=16384,-185044200252,-2.692747515568044,-0.9852261925387978
all,4096,8,128<c<=256,15,16384<c<=32768,-82436116886,-1.1996033846808132,-0.9304972519583697
all,4096,8,128<c<=256,16,32768<c<=65536,-17502242639,-0.25469115118903574,-0.545303694009236
all,4096,8,128<c<=256,17,65536<c<=131072,21436060728,0.3119357385439798,0.8809156529771981
all,4096,8,128<c<=256,18,131072<c<=262144,32987401,0.0004800298629561439,0.018841498035216543
all,4096,8,128<c<=256,19,262144<c<=524288,-235845349,-0.003432001525652595,-0.5553131966150318
all,4096,8,128<c<=256,20,524288<c<=1048576,1237627,1.8009843188337982e-05,0.135145316210011
all,4096,9,256<c<=512,0,c=1,-12303545287935,-179.04014803840255,-0.9906419651550775
all,4096,9,256<c<=512,1,1<c<=2,6447340593849,93.82115377009904,0.9904766937269616
all,4096,9,256<c<=512,2,2<c<=4,4422553496681,64.35662357661931,0.9903719127071751
all,4096,9,256<c<=512,3,4<c<=8,2444800611199,35.576531244427315,0.9901987140956062
all,4096,9,256<c<=512,4,8<c<=16,-1045988056322,-15.221129525481956,-0.9898815806743105
all,4096,9,256<c<=512,5,16<c<=32,1917584584869,27.90452832223673,0.989730314400282
all,4096,9,256<c<=512,6,32<c<=64,-1272220974993,-18.51325177984836,-0.9894463077937902
all,4096,9,256<c<=512,7,64<c<=128,277557939869,4.038999611933832,0.9904568734629193
all,4096,9,256<c<=512,8,128<c<=256,-103763544723,-1.5099583066039486,-0.9774425349468122
all,4096,9,256<c<=512,9,256<c<=512,153191415453,2.2292284913855838,1.0
all,4096,9,256<c<=512,10,512<c<=1024,-142519450551,-2.0739309628115734,-0.8717400105518427
all,4096,9,256<c<=512,11,1024<c<=2048,-416713125821,-6.063974081494962,-0.9213133210439514
all,4096,9,256<c<=512,12,2048<c<=4096,-539802194726,-7.855155777739128,-0.9811997937986797
all,4096,9,256<c<=512,13,4096<c<=8192,-228243951408,-3.321386632276699,-0.7879467277990804
all,4096,9,256<c<=512,14,8192<c<=16384,270490164794,3.936149948189268,0.9980012524615829
all,4096,9,256<c<=512,15,16384<c<=32768,124510997508,1.8118734807358123,0.9739225407276447
all,4096,9,256<c<=512,16,32768<c<=65536,28852037745,0.4198524074308807,0.6229316074951905
all,4096,9,256<c<=512,17,65536<c<=131072,-32738921762,-0.4764140141487587,-0.9323368650963562
all,4096,9,256<c<=512,18,131072<c<=262144,-157126248,-0.0022864878410473466,-0.06219209778247542
all,4096,9,256<c<=512,19,262144<c<=524288,374873958,0.005455134058138356,0.6116670501891811
all,4096,9,256<c<=512,20,524288<c<=1048576,-2054757,-2.9900649678893387e-05,-0.1554858343656848
all,4096,10,512<c<=1024,0,c=1,12277636961897,178.66313227418868,0.9262932638760117
all,4096,10,512<c<=1024,1,1<c<=2,-6438325047360,-93.68996030185372,-0.9267952844516368
all,4096,10,512<c<=1024,2,2<c<=4,-4418332238781,-64.29519618950144,-0.927109132012235
all,4096,10,512<c<=1024,3,4<c<=8,-2444241885643,-35.56840071750048,-0.9276205552203461
all,4096,10,512<c<=1024,4,8<c<=16,1047108355363,15.237432022157009,0.928528870428695
all,4096,10,512<c<=1024,5,16<c<=32,-1920853664021,-27.952099684931454,-0.9289747118942517
all,4096,10,512<c<=1024,6,32<c<=64,1275772935124,18.56493960256921,0.9297160627329367
all,4096,10,512<c<=1024,7,64<c<=128,-277365204880,-4.036194948712364,-0.9274300474334631
all,4096,10,512<c<=1024,8,128<c<=256,107565882379,1.5652896018436877,0.9494415808937704
all,4096,10,512<c<=1024,9,256<c<=512,-142519450551,-2.0739309628115734,-0.8717400105518427
all,4096,10,512<c<=1024,10,512<c<=1024,174477685256,2.538984485086985,1.0
all,4096,10,512<c<=1024,11,1024<c<=2048,468262759096,6.814119974966161,0.9700789013564052
all,4096,10,512<c<=1024,12,2048<c<=4096,483116113589,7.030264730405179,0.8228517445649842
all,4096,10,512<c<=1024,13,4096<c<=8192,160852101310,2.3407061425677966,0.5203212785494113
all,4096,10,512<c<=1024,14,8192<c<=16384,-256099890697,-3.7267438994167605,-0.8853933789165377
all,4096,10,512<c<=1024,15,16384<c<=32768,-106527715299,-1.5501822825026466,-0.7807762364233894
all,4096,10,512<c<=1024,16,32768<c<=65536,-18100417173,-0.2633957362995716,-0.36618430770235844
all,4096,10,512<c<=1024,17,65536<c<=131072,27013452641,0.39309747285733465,0.7208349732997297
all,4096,10,512<c<=1024,18,131072<c<=262144,-151979085,-0.00221158676140476,-0.0563660446647143
all,4096,10,512<c<=1024,19,262144<c<=524288,-271030566,-0.003944013820728287,-0.4143767268645022
all,4096,10,512<c<=1024,20,524288<c<=1048576,1281562,1.864918158389628e-05,0.09086931419660878
all,4096,11,1024<c<=2048,0,c=1,34973565796524,508.93236470472766,0.9537421192089678
all,4096,11,1024<c<=2048,1,1<c<=2,-18337435888839,-266.8448125599971,-0.9541284710304874
all,4096,11,1024<c<=2048,2,2<c<=4,-12583058370037,-183.1075987143704,-0.954368355089188
all,4096,11,1024<c<=2048,3,4<c<=8,-6960023593175,-101.28167331531586,-0.954760017107322
all,4096,11,1024<c<=2048,4,8<c<=16,2980899353148,43.37779469130328,0.9554510227596856
all,4096,11,1024<c<=2048,5,16<c<=32,-5467650876609,-79.56479205471987,-0.9558015222464173
all,4096,11,1024<c<=2048,6,32<c<=64,3630528669233,52.831145428834134,0.9563220085159615
all,4096,11,1024<c<=2048,7,64<c<=128,-790303368605,-11.50042762463272,-0.9551692819831361
all,4096,11,1024<c<=2048,8,128<c<=256,302826138006,4.406700289197033,0.9661496298308041
all,4096,11,1024<c<=2048,9,256<c<=512,-416713125821,-6.063974081494962,-0.9213133210439514
all,4096,11,1024<c<=2048,10,512<c<=1024,468262759096,6.814119974966161,0.9700789013564052
all,4096,11,1024<c<=2048,11,1024<c<=2048,1335442613991,19.43324771114567,1.0
all,4096,11,1024<c<=2048,12,2048<c<=4096,1423708507212,20.71768550685374,0.8764930598590098
all,4096,11,1024<c<=2048,13,4096<c<=8192,462065054536,6.723931503598578,0.5402630957637907
all,4096,11,1024<c<=2048,14,8192<c<=16384,-742206506057,-10.800526158083812,-0.9274894195784393
all,4096,11,1024<c<=2048,15,16384<c<=32768,-309024572921,-4.496899388628663,-0.8186802604961233
all,4096,11,1024<c<=2048,16,32768<c<=65536,-50002945099,-0.7276386182493297,-0.36564872168686346
all,4096,11,1024<c<=2048,17,65536<c<=131072,77531751204,1.1282354710274376,0.7478124262093708
all,4096,11,1024<c<=2048,18,131072<c<=262144,-530962143,-0.007726516094407998,-0.07117944914396289
all,4096,11,1024<c<=2048,19,262144<c<=524288,-765069117,-0.01113322093442548,-0.42280010382856403
all,4096,11,1024<c<=2048,20,524288<c<=1048576,3523759,5.127744225319475e-05,0.09031110522808035
all,4096,12,2048<c<=4096,0,c=1,43106159952749,627.2771854528255,0.9664580695693507
all,4096,12,2048<c<=4096,1,1<c<=2,-22587125043874,-328.68592889097636,-0.9662329310705854
all,4096,12,2048<c<=4096,2,2<c<=4,-15492957354157,-225.45220205439546,-0.9660881983104873
all,4096,12,2048<c<=4096,3,4<c<=8,-8563946464314,-124.62182296896935,-0.965850897090754
all,4096,12,2048<c<=4096,4,8<c<=16,3663681645983,53.31358473606815,0.9654537586749118
all,4096,12,2048<c<=4096,5,16<c<=32,-6715957474395,-97.73004384471278,-0.9652226652221012
all,4096,12,2048<c<=4096,6,32<c<=64,4455378028490,64.83428338091471,0.9648759262158966
all,4096,12,2048<c<=4096,7,64<c<=128,-972163314746,-14.146838144311914,-0.9660027766981967
all,4096,12,2048<c<=4096,8,128<c<=256,362393509157,5.2735196245630505,0.9505699396761083
all,4096,12,2048<c<=4096,9,256<c<=512,-539802194726,-7.855155777739128,-0.9811997937986797
all,4096,12,2048<c<=4096,10,512<c<=1024,483116113589,7.030264730405179,0.8228517445649842
all,4096,12,2048<c<=4096,11,1024<c<=2048,1423708507212,20.71768550685374,0.8764930598590098
all,4096,12,2048<c<=4096,12,2048<c<=4096,1975695298875,28.75015050631191,1.0
all,4096,12,2048<c<=4096,13,4096<c<=8192,782131272624,11.381507976679131,0.7518556388796441
all,4096,12,2048<c<=4096,14,8192<c<=16384,-957080808833,-13.927358796834596,-0.9832986593233026
all,4096,12,2048<c<=4096,15,16384<c<=32768,-447227922649,-6.508022818146856,-0.9740984382802194
all,4096,12,2048<c<=4096,16,32768<c<=65536,-93856478500,-1.365791518765036,-0.5642679228996189
all,4096,12,2048<c<=4096,17,65536<c<=131072,115285516144,1.6776250579860061,0.9141984155828917
all,4096,12,2048<c<=4096,18,131072<c<=262144,-510270876,-0.0074254185310564935,-0.056239892081203814
all,4096,12,2048<c<=4096,19,262144<c<=524288,-1151857211,-0.01676172848965507,-0.5233421223564165
all,4096,12,2048<c<=4096,20,524288<c<=1048576,4540643,6.607505201827735e-05,0.09567642707273581
all,4096,13,4096<c<=8192,0,c=1,17517139628377,254.90793091560772,0.7459017892876644
all,4096,13,4096<c<=8192,1,1<c<=2,-9170675297830,-133.4508895209001,-0.7450698204963222
all,4096,13,4096<c<=8192,2,2<c<=4,-6286950862491,-91.4871759958769,-0.7445558737541499
all,4096,13,4096<c<=8192,3,4<c<=8,-3472093864903,-50.525615587001084,-0.7437078711334116
all,4096,13,4096<c<=8192,4,8<c<=16,1482857670345,21.578419114594,0.742143680265154
all,4096,13,4096<c<=8192,5,16<c<=32,-2716195911331,-39.52585264532536,-0.7414048825049413
all,4096,13,4096<c<=8192,6,32<c<=64,1799652645071,26.18839273157937,0.7402022106200854
all,4096,13,4096<c<=8192,7,64<c<=128,-393658544925,-5.728485774670844,-0.7429055549040773
all,4096,13,4096<c<=8192,8,128<c<=256,142756799243,2.077384840857121,0.7111729746880094
all,4096,13,4096<c<=8192,9,256<c<=512,-228243951408,-3.321386632276699,-0.7879467277990804
all,4096,13,4096<c<=8192,10,512<c<=1024,160852101310,2.3407061425677966,0.5203212785494113
all,4096,13,4096<c<=8192,11,1024<c<=2048,462065054536,6.723931503598578,0.5402630957637907
all,4096,13,4096<c<=8192,12,2048<c<=4096,782131272624,11.381507976679131,0.7518556388796441
all,4096,13,4096<c<=8192,13,4096<c<=8192,547734899112,7.970591819495894,1.0
all,4096,13,4096<c<=8192,14,8192<c<=16384,-399303782077,-5.810634787150775,-0.7791391720365323
all,4096,13,4096<c<=8192,15,16384<c<=32768,-212653111133,-3.094510046255891,-0.8796713623413592
all,4096,13,4096<c<=8192,16,32768<c<=65536,-84552492531,-1.2304007036582334,-0.9654333532922499
all,4096,13,4096<c<=8192,17,65536<c<=131072,62849799759,0.9145849582127994,0.946551811671511
all,4096,13,4096<c<=8192,18,131072<c<=262144,2445178820,0.03558203490683809,0.5118339616876098
all,4096,13,4096<c<=8192,19,262144<c<=524288,-1035287080,-0.015065409825183451,-0.8933520056100305
all,4096,13,4096<c<=8192,20,524288<c<=1048576,8086393,0.00011767250543925911,0.32360648196003605
all,4096,14,8192<c<=16384,0,c=1,-21866093783500,-318.1935431130114,-0.9951113792797759
all,4096,14,8192<c<=16384,1,1<c<=2,11458795094533,166.74741483487014,0.9949852389617082
all,4096,14,8192<c<=16384,2,2<c<=4,7860355425220,114.38322581263492,0.994904605112503
all,4096,14,8192<c<=16384,3,4<c<=8,4345407232124,63.23399767460069,0.9947717240844378
all,4096,14,8192<c<=16384,4,8<c<=16,-1859290765434,-27.056241603480885,-0.9945299508327836
all,4096,14,8192<c<=16384,5,16<c<=32,3408694803579,49.603037821056205,0.9944077445414613
all,4096,14,8192<c<=16384,6,32<c<=64,-2261667884007,-32.9115993227897,-0.9941972295441122
all,4096,14,8192<c<=16384,7,64<c<=128,493241768744,7.177612405852415,0.9948458625423972
all,4096,14,8192<c<=16384,8,128<c<=256,-185044200252,-2.692747515568044,-0.9852261925387978
all,4096,14,8192<c<=16384,9,256<c<=512,270490164794,3.936149948189268,0.9980012524615829
all,4096,14,8192<c<=16384,10,512<c<=1024,-256099890697,-3.7267438994167605,-0.8853933789165377
all,4096,14,8192<c<=16384,11,1024<c<=2048,-742206506057,-10.800526158083812,-0.9274894195784393
all,4096,14,8192<c<=16384,12,2048<c<=4096,-957080808833,-13.927358796834596,-0.9832986593233026
all,4096,14,8192<c<=16384,13,4096<c<=8192,-399303782077,-5.810634787150775,-0.7791391720365323
all,4096,14,8192<c<=16384,14,8192<c<=16384,479519591226,6.977928441861877,1.0
all,4096,14,8192<c<=16384,15,16384<c<=32768,220133266018,3.2033606260374654,0.9732320865883397
all,4096,14,8192<c<=16384,16,32768<c<=65536,50111489301,0.7292181442753645,0.6115264170612262
all,4096,14,8192<c<=16384,17,65536<c<=131072,-57721411147,-0.8399570818728535,-0.9290935850898767
all,4096,14,8192<c<=16384,18,131072<c<=262144,-206540523,-0.003005560181918554,-0.046206787462967906
all,4096,14,8192<c<=16384,19,262144<c<=524288,650295743,0.009463048525503837,0.5997286031912916
all,4096,14,8192<c<=16384,20,524288<c<=1048576,-3415156,-4.9697060603648424e-05,-0.14606795301332326
all,4096,15,16384<c<=32768,0,c=1,-9869239099132,-143.6163307390525,-0.9521848205043388
all,4096,15,16384<c<=32768,1,1<c<=2,5170278621502,75.23745620713453,0.9517628059195518
all,4096,15,16384<c<=32768,2,2<c<=4,3545940428788,51.60022452456178,0.9514978017573443
all,4096,15,16384<c<=32768,3,4<c<=8,1959652609034,28.516698643710697,0.9510626719785259
all,4096,15,16384<c<=32768,4,8<c<=16,-838002163631,-12.19453644634632,-0.950282631033101
all,4096,15,16384<c<=32768,5,16<c<=32,1535885896670,22.35008136878605,0.9498880607665766
all,4096,15,16384<c<=32768,6,32<c<=64,-1018605779240,-14.82266495062504,-0.9492638679905199
all,4096,15,16384<c<=32768,7,64<c<=128,222370876305,3.235922141248011,0.9508476911522334
all,4096,15,16384<c<=32768,8,128<c<=256,-82436116886,-1.1996033846808132,-0.9304972519583697
all,4096,15,16384<c<=32768,9,256<c<=512,124510997508,1.8118734807358123,0.9739225407276447
all,4096,15,16384<c<=32768,10,512<c<=1024,-106527715299,-1.5501822825026466,-0.7807762364233894
all,4096,15,16384<c<=32768,11,1024<c<=2048,-309024572921,-4.496899388628663,-0.8186802604961233
all,4096,15,16384<c<=32768,12,2048<c<=4096,-447227922649,-6.508022818146856,-0.9740984382802194
all,4096,15,16384<c<=32768,13,4096<c<=8192,-212653111133,-3.094510046255891,-0.8796713623413592
all,4096,15,16384<c<=32768,14,8192<c<=16384,220133266018,3.2033606260374654,0.9732320865883397
all,4096,15,16384<c<=32768,15,16384<c<=32768,106692074897,1.552574029439711,1.0
all,4096,15,16384<c<=32768,16,32768<c<=65536,28383839696,0.41303922911174595,0.7343213497255124
all,4096,15,16384<c<=32768,17,65536<c<=131072,-28724277970,-0.4179932580154855,-0.980186551284456
all,4096,15,16384<c<=32768,18,131072<c<=262144,-276121435,-0.004018095714855008,-0.13095971509799717
all,4096,15,16384<c<=32768,19,262144<c<=524288,347394213,0.005055251138401218,0.6792091502155497
all,4096,15,16384<c<=32768,20,524288<c<=1048576,-1961381,-2.8541850042529404e-05,-0.17784573625664876
all,4096,16,32768<c<=65536,0,c=1,-2179407632117,-31.714555110622314,-0.5803944107239165
all,4096,16,32768<c<=65536,1,1<c<=2,1140456251954,16.595822700095596,0.5794828437610824
all,4096,16,32768<c<=65536,2,2<c<=4,781620385926,11.374073596758535,0.5789211323142648
all,4096,16,32768<c<=65536,3,4<c<=8,431466406237,6.278662567448919,0.57799516397455
all,4096,16,32768<c<=65536,4,8<c<=16,-184108278309,-2.6791280587931396,-0.5762728234649136
all,4096,16,32768<c<=65536,5,16<c<=32,337103946136,4.905508047319017,0.5754723792974406
all,4096,16,32768<c<=65536,6,32<c<=64,-223208097891,-3.248105318794842,-0.574166608830317
all,4096,16,32768<c<=65536,7,64<c<=128,48877511820,0.7112614085781388,0.5768850828343193
all,4096,16,32768<c<=65536,8,128<c<=256,-17502242639,-0.25469115118903574,-0.545303694009236
all,4096,16,32768<c<=65536,9,256<c<=512,28852037745,0.4198524074308807,0.6229316074951905
all,4096,16,32768<c<=65536,10,512<c<=1024,-18100417173,-0.2633957362995716,-0.36618430770235844
all,4096,16,32768<c<=65536,11,1024<c<=2048,-50002945099,-0.7276386182493297,-0.36564872168686346
all,4096,16,32768<c<=65536,12,2048<c<=4096,-93856478500,-1.365791518765036,-0.5642679228996189
all,4096,16,32768<c<=65536,13,4096<c<=8192,-84552492531,-1.2304007036582334,-0.9654333532922499
all,4096,16,32768<c<=65536,14,8192<c<=16384,50111489301,0.7292181442753645,0.6115264170612262
all,4096,16,32768<c<=65536,15,16384<c<=32768,28383839696,0.41303922911174595,0.7343213497255124
all,4096,16,32768<c<=65536,16,32768<c<=65536,14003539456,0.20377831906080246,1.0
all,4096,16,32768<c<=65536,17,65536<c<=131072,-8991285575,-0.1308404254814377,-0.8468930739971298
all,4096,16,32768<c<=65536,18,131072<c<=262144,-486016947,-0.007072477412293665,-0.6362622892990148
all,4096,16,32768<c<=65536,19,262144<c<=524288,167680242,0.002440068667056039,0.9049196345554565
all,4096,16,32768<c<=65536,20,524288<c<=1048576,-1359098,-1.977747888304293e-05,-0.3401570198942424
all,4096,17,65536<c<=131072,0,c=1,2579612638279,37.53830443425977,0.9061161247758338
all,4096,17,65536<c<=131072,1,1<c<=2,-1351170519201,-19.662118854481378,-0.9055589395006417
all,4096,17,65536<c<=131072,2,2<c<=4,-926578132273,-13.483486433295184,-0.9052117449973978
all,4096,17,65536<c<=131072,3,4<c<=8,-511980863812,-7.450302128738258,-0.9046395171166729
all,4096,17,65536<c<=131072,4,8<c<=16,218869507488,3.18497051903978,0.9036176223572324
all,4096,17,65536<c<=131072,5,16<c<=32,-401077718641,-5.8364489616506035,-0.9030957371629159
all,4096,17,65536<c<=131072,6,32<c<=64,265936477831,3.8698850815271726,0.9022990641902883
all,4096,17,65536<c<=131072,7,64<c<=128,-58075401073,-0.8451083132677013,-0.9041012013164597
all,4096,17,65536<c<=131072,8,128<c<=256,21436060728,0.3119357385439798,0.8809156529771981
all,4096,17,65536<c<=131072,9,256<c<=512,-32738921762,-0.4764140141487587,-0.9323368650963562
all,4096,17,65536<c<=131072,10,512<c<=1024,27013452641,0.39309747285733465,0.7208349732997297
all,4096,17,65536<c<=131072,11,1024<c<=2048,77531751204,1.1282354710274376,0.7478124262093708
all,4096,17,65536<c<=131072,12,2048<c<=4096,115285516144,1.6776250579860061,0.9141984155828917
all,4096,17,65536<c<=131072,13,4096<c<=8192,62849799759,0.9145849582127994,0.946551811671511
all,4096,17,65536<c<=131072,14,8192<c<=16384,-57721411147,-0.8399570818728535,-0.9290935850898767
all,4096,17,65536<c<=131072,15,16384<c<=32768,-28724277970,-0.4179932580154855,-0.980186551284456
all,4096,17,65536<c<=131072,16,32768<c<=65536,-8991285575,-0.1308404254814377,-0.8468930739971298
all,4096,17,65536<c<=131072,17,65536<c<=131072,8049123697,0.1171301657013828,1.0
all,4096,17,65536<c<=131072,18,131072<c<=262144,144630041,0.002104644096107222,0.24973987440073042
all,4096,17,65536<c<=131072,19,262144<c<=524288,-106684070,-0.0015524575428571552,-0.7594029920816803
all,4096,17,65536<c<=131072,20,524288<c<=1048576,603004,8.774863090366125e-06,0.19906433919468952
all,4096,18,131072<c<=262144,0,c=1,7818342103,0.11377185150922742,0.038169987161628734
all,4096,18,131072<c<=262144,1,1<c<=2,-4033538424,-0.05869570921640843,-0.03757255604592363
all,4096,18,131072<c<=262144,2,2<c<=4,-2741151259,-0.03988900074909907,-0.0372202354400593
all,4096,18,131072<c<=262144,3,4<c<=8,-1491537369,-0.02170472535362933,-0.036629749284842375
all,4096,18,131072<c<=262144,4,8<c<=16,615895674,0.008962461637565866,0.0353414664602771
all,4096,18,131072<c<=262144,5,16<c<=32,-1116815758,-0.01625180823612027,-0.034951415636867066
all,4096,18,131072<c<=262144,6,32<c<=64,721085807,0.0104931795358425,0.03400458846117995
all,4096,18,131072<c<=262144,7,64<c<=128,-166510349,-0.002423044483293779,-0.03602832243984494
all,4096,18,131072<c<=262144,8,128<c<=256,32987401,0.0004800298629561439,0.018841498035216543
all,4096,18,131072<c<=262144,9,256<c<=512,-157126248,-0.0022864878410473466,-0.06219209778247542
all,4096,18,131072<c<=262144,10,512<c<=1024,-151979085,-0.00221158676140476,-0.0563660446647143
all,4096,18,131072<c<=262144,11,1024<c<=2048,-530962143,-0.007726516094407998,-0.07117944914396289
all,4096,18,131072<c<=262144,12,2048<c<=4096,-510270876,-0.0074254185310564935,-0.056239892081203814
all,4096,18,131072<c<=262144,13,4096<c<=8192,2445178820,0.03558203490683809,0.5118339616876098
all,4096,18,131072<c<=262144,14,8192<c<=16384,-206540523,-0.003005560181918554,-0.046206787462967906
all,4096,18,131072<c<=262144,15,16384<c<=32768,-276121435,-0.004018095714855008,-0.13095971509799717
all,4096,18,131072<c<=262144,16,32768<c<=65536,-486016947,-0.007072477412293665,-0.6362622892990148
all,4096,18,131072<c<=262144,17,65536<c<=131072,144630041,0.002104644096107222,0.24973987440073042
all,4096,18,131072<c<=262144,18,131072<c<=262144,41667039,0.0006063352193450555,1.0
all,4096,18,131072<c<=262144,19,262144<c<=524288,-8137888,-0.00011842185631394386,-0.80512334224464
all,4096,18,131072<c<=262144,20,524288<c<=1048576,130933,1.905325916595757e-06,0.6007591214717269
all,4096,19,262144<c<=524288,0,c=1,-28923011278,-0.4208852082665544,-0.58209544345935
all,4096,19,262144<c<=524288,1,1<c<=2,15140994016,0.22033046139404178,0.5814097078322619
all,4096,19,262144<c<=524288,2,2<c<=4,10379603831,0.15104311505274381,0.5809921189775303
all,4096,19,262144<c<=524288,3,4<c<=8,5732113369,0.08341322782507632,0.5803071576702497
all,4096,19,262144<c<=524288,4,8<c<=16,-2447303761,-0.03561295686813537,-0.5789067837725489
all,4096,19,262144<c<=524288,5,16<c<=32,4483164778,0.0652386338042561,0.5783773642005374
all,4096,19,262144<c<=524288,6,32<c<=64,-2969699065,-0.0432148090476403,-0.5773063926029309
all,4096,19,262144<c<=524288,7,64<c<=128,649938129,0.00945784455689136,0.5797198541266486
all,4096,19,262144<c<=524288,8,128<c<=256,-235845349,-0.003432001525652595,-0.5553131966150318
all,4096,19,262144<c<=524288,9,256<c<=512,374873958,0.005455134058138356,0.6116670501891811
all,4096,19,262144<c<=524288,10,512<c<=1024,-271030566,-0.003944013820728287,-0.4143767268645022
all,4096,19,262144<c<=524288,11,1024<c<=2048,-765069117,-0.01113322093442548,-0.42280010382856403
all,4096,19,262144<c<=524288,12,2048<c<=4096,-1151857211,-0.01676172848965507,-0.5233421223564165
all,4096,19,262144<c<=524288,13,4096<c<=8192,-1035287080,-0.015065409825183451,-0.8933520056100305
all,4096,19,262144<c<=524288,14,8192<c<=16384,650295743,0.009463048525503837,0.5997286031912916
all,4096,19,262144<c<=524288,15,16384<c<=32768,347394213,0.005055251138401218,0.6792091502155497
all,4096,19,262144<c<=524288,16,32768<c<=65536,167680242,0.002440068667056039,0.9049196345554565
all,4096,19,262144<c<=524288,17,65536<c<=131072,-106684070,-0.0015524575428571552,-0.7594029920816803
all,4096,19,262144<c<=524288,18,131072<c<=262144,-8137888,-0.00011842185631394386,-0.80512334224464
all,4096,19,262144<c<=524288,19,262144<c<=524288,2451918,3.5680102882906795e-05,1.0
all,4096,19,262144<c<=524288,20,524288<c<=1048576,-26793,-3.8988946471363306e-07,-0.5067758928562592
all,4096,20,524288<c<=1048576,0,c=1,154125657,0.002242823495180346,0.14385540331935048
all,4096,20,524288<c<=1048576,1,1<c<=2,-80625270,-0.001173252094304189,-0.14358187435346412
all,4096,20,524288<c<=1048576,2,2<c<=4,-55262917,-0.0008041812834562734,-0.14345768356822852
all,4096,20,524288<c<=1048576,3,4<c<=8,-30494877,-0.00044375886500347406,-0.14317611942527111
all,4096,20,524288<c<=1048576,4,8<c<=16,12990278,0.0001890334242489189,0.14250816625358548
all,4096,20,524288<c<=1048576,5,16<c<=32,-23808837,-0.00034646417771000415,-0.14245093797211184
all,4096,20,524288<c<=1048576,6,32<c<=64,15758034,0.00022930957493372262,0.14206807725300105
all,4096,20,524288<c<=1048576,7,64<c<=128,-3462762,-5.0389819080010056e-05,-0.14324166043531056
all,4096,20,524288<c<=1048576,8,128<c<=256,1237627,1.8009843188337982e-05,0.135145316210011
all,4096,20,524288<c<=1048576,9,256<c<=512,-2054757,-2.9900649678893387e-05,-0.1554858343656848
all,4096,20,524288<c<=1048576,10,512<c<=1024,1281562,1.864918158389628e-05,0.09086931419660878
all,4096,20,524288<c<=1048576,11,1024<c<=2048,3523759,5.127744225319475e-05,0.09031110522808035
all,4096,20,524288<c<=1048576,12,2048<c<=4096,4540643,6.607505201827735e-05,0.09567642707273581
all,4096,20,524288<c<=1048576,13,4096<c<=8192,8086393,0.00011767250543925911,0.32360648196003605
all,4096,20,524288<c<=1048576,14,8192<c<=16384,-3415156,-4.9697060603648424e-05,-0.14606795301332326
all,4096,20,524288<c<=1048576,15,16384<c<=32768,-1961381,-2.8541850042529404e-05,-0.17784573625664876
all,4096,20,524288<c<=1048576,16,32768<c<=65536,-1359098,-1.977747888304293e-05,-0.3401570198942424
all,4096,20,524288<c<=1048576,17,65536<c<=131072,603004,8.774863090366125e-06,0.19906433919468952
all,4096,20,524288<c<=1048576,18,131072<c<=262144,130933,1.905325916595757e-06,0.6007591214717269
all,4096,20,524288<c<=1048576,19,262144<c<=524288,-26793,-3.8988946471363306e-07,-0.5067758928562592
all,4096,20,524288<c<=1048576,20,524288<c<=1048576,1140,1.658918336033821e-08,1.0
