method,target_rho,n,lag1_median,lag1_max,max_rh_ratio_R_ge_1000_median,max_rh_ratio_R_ge_1000_q95,max_rh_ratio_R_ge_1000_q99,max_rh_ratio_R_ge_1000_max
pearson,-0.95,199,-0.1176605791150267,-0.0850231260490187,0.0894220411053352,0.135963026181006,0.1448434468382518,0.1477624962028096
pearson,-0.75,199,-0.0574715957862838,0.0380282866551401,0.1395322066542506,0.2427771750796148,0.2938505783483144,0.3141460825227478
pearson,-0.5,199,0.005747898878001,0.1235004431061266,0.1619128931209247,0.3038495366051281,0.390545779137148,0.4299103392544034
pearson,-0.25,199,0.0218976982396805,0.1663423552091449,0.1704284450539039,0.3251130908665752,0.3756999801506452,0.4373345432765746
pearson,0.0,199,0.0474383659834009,0.164985236296912,0.1820090544437555,0.4057999264968574,0.4548483057119108,0.5130465479550416
pearson,0.25,199,0.0202709239812401,0.1617085202574955,0.1479604425078306,0.3371866536105892,0.3962368591851178,0.4753729849272491
pearson,0.5,199,0.0074903444955524,0.1322136211393923,0.1650428706786437,0.2904493841409367,0.3469204259989156,0.4287934184658106
pearson,0.75,199,-0.0538638525357077,0.0307230308873286,0.1202977733634838,0.2071243523444869,0.3282306224439575,0.3626687995448616
pearson,0.95,199,-0.1156765253434015,-0.0934828994658283,0.0489311289135208,0.1040280048985589,0.1394594052768081,0.1503502244361756
spearman,-0.95,199,-0.1062212626002678,-0.07671026001607,0.0971522589535421,0.1488020427219872,0.1582733469019634,0.1668346426956966
spearman,-0.75,199,-0.0336213539032126,0.0591447274695228,0.1448271780911356,0.2591808423354522,0.2766823272560607,0.3147530357674042
spearman,-0.5,199,0.0217581080291638,0.1328061344166247,0.192635944897729,0.3636691945513867,0.4209813681086424,0.4714574582785036
spearman,-0.25,199,0.0257631186525572,0.1506650280141316,0.1561236132152798,0.3296005587991079,0.3732524914101565,0.4437497046538219
spearman,0.0,199,0.0509524560221359,0.180321755757555,0.1773369134438278,0.4257393498909947,0.4935816002226541,0.5550283478723559
spearman,0.25,199,0.0288740333130441,0.1409627817613925,0.1559734147190509,0.3253624404783101,0.452474048915722,0.46208932874506
spearman,0.5,199,0.0228215674009169,0.1448970287407986,0.1652902077761238,0.3262288442394389,0.3920890153779134,0.5365178151118093
spearman,0.75,199,-0.031518310670456,0.0272602998829985,0.1443435698645476,0.2664891116662406,0.2973189921932418,0.4770001059570716
spearman,0.95,199,-0.1078940967942472,-0.0738489586119902,0.0699214115864235,0.1293678010957751,0.1635795094327597,0.1683347560823484
